{
  "bench": "demo",
  "provider": "anthropic",
  "reps": 5,
  "timestamp": "2026-06-19T18:14:36+00:00",
  "cost_usd": 0.26925,
  "metrics": {
    "replay_success_rate": {
      "mean": 1.0,
      "std": 0.0,
      "min": 1.0,
      "max": 1.0,
      "n": 5
    },
    "speedup": {
      "mean": 86.29792621067668,
      "std": 20.912215008308735,
      "min": 62.00472446242398,
      "max": 113.92915938783071,
      "n": 5
    }
  },
  "pass_k": {
    "1": 1.0,
    "2": 1.0,
    "3": 1.0,
    "4": 1.0,
    "5": 1.0
  },
  "pass_rate_wilson95": {
    "lo": 0.5655085052479191,
    "hi": 1.0,
    "passes": 5,
    "n": 5
  },
  "hazard": {}
}